"Year","Group","Type","Stdev","SE","Value","Scale","CV","Species","Loc","n","Source"
1980,"transient_killer_whales",NA,NA,NA,NA,1,0.1,"","","","Transient killer whales_PWS"
1980,"resident_killer_whales",NA,NA,NA,NA,1,0.1,"","","","Resident killer whales_PWS"
1980,"humpback_whale",NA,NA,NA,NA,1,0.5,"","","","ne_pacific"
1980,"other_baleen_whales",NA,NA,NA,NA,1,0.5,"","","","eastern_northern_gray"
1980,"steller_sea_lion",NA,NA,NA,0.077554618,1,0.1,"","","","ssl_haulout_survey_wgoa"
1980,"harbor_seal",NA,NA,NA,NA,1,0.1,"","","","muto_alaska"
1980,"piscivorous_surface_birds",NA,NA,NA,6.38841e-06,1,0.5,"","","","chowiet_index"
1980,"piscivorous_diving_birds",NA,NA,NA,3.42745e-05,1,0.5,"","","","chowiet_index"
1980,"planktivorous_diving_birds",NA,NA,NA,NA,1,0.5,"","","","chowiet_index"
1980,"salmon_returning",NA,NA,NA,0.478380877,1,0.8,"","","","salmon_goa"
1980,"salmon_outgoing",NA,NA,NA,0.623668372,1,0.8,"","","","salmon_goa"
1980,"pacific_herring_adult",NA,NA,NA,49393,1,0.1,"","","","sitka_index"
1980,"pacific_herring_adult",NA,NA,NA,NA,1,0.1,"","","","craig_index"
1981,"transient_killer_whales",NA,NA,NA,NA,1,0.1,"","","","Transient killer whales_PWS"
1981,"resident_killer_whales",NA,NA,NA,NA,1,0.1,"","","","Resident killer whales_PWS"
1981,"humpback_whale",NA,NA,NA,NA,1,0.5,"","","","ne_pacific"
1981,"other_baleen_whales",NA,NA,NA,NA,1,0.5,"","","","eastern_northern_gray"
1981,"steller_sea_lion",NA,NA,NA,0.071824116,1,0.1,"","","","ssl_haulout_survey_wgoa"
1981,"harbor_seal",NA,NA,NA,NA,1,0.1,"","","","muto_alaska"
1981,"piscivorous_surface_birds",NA,NA,NA,7.17841e-06,1,0.5,"","","","chowiet_index"
1981,"piscivorous_diving_birds",NA,NA,NA,4.05334e-05,1,0.5,"","","","chowiet_index"
1981,"planktivorous_diving_birds",NA,NA,NA,NA,1,0.5,"","","","chowiet_index"
1981,"salmon_returning",NA,NA,NA,0.581916693,1,0.8,"","","","salmon_goa"
1981,"salmon_outgoing",NA,NA,NA,0.982369904,1,0.8,"","","","salmon_goa"
1981,"pacific_herring_adult",NA,NA,NA,45808,1,0.1,"","","","sitka_index"
1981,"pacific_herring_adult",NA,NA,NA,NA,1,0.1,"","","","craig_index"
1982,"transient_killer_whales",NA,NA,NA,NA,1,0.1,"","","","Transient killer whales_PWS"
1982,"resident_killer_whales",NA,NA,NA,NA,1,0.1,"","","","Resident killer whales_PWS"
1982,"humpback_whale",NA,NA,NA,NA,1,0.5,"","","","ne_pacific"
1982,"other_baleen_whales",NA,NA,NA,NA,1,0.5,"","","","eastern_northern_gray"
1982,"steller_sea_lion",NA,NA,NA,0.06655446,1,0.1,"","","","ssl_haulout_survey_wgoa"
1982,"harbor_seal",NA,NA,NA,NA,1,0.1,"","","","muto_alaska"
1982,"piscivorous_surface_birds",NA,NA,NA,NA,1,0.5,"","","","chowiet_index"
1982,"piscivorous_diving_birds",NA,NA,NA,NA,1,0.5,"","","","chowiet_index"
1982,"planktivorous_diving_birds",NA,NA,NA,NA,1,0.5,"","","","chowiet_index"
1982,"salmon_returning",NA,NA,NA,0.554847531,1,0.8,"","","","salmon_goa"
1982,"salmon_outgoing",NA,NA,NA,1.166951344,1,0.8,"","","","salmon_goa"
1982,"pacific_herring_adult",NA,NA,NA,33374,1,0.1,"","","","sitka_index"
1982,"pacific_herring_adult",NA,NA,NA,NA,1,0.1,"","","","craig_index"
1983,"transient_killer_whales",NA,NA,NA,NA,1,0.1,"","","","Transient killer whales_PWS"
1983,"resident_killer_whales",NA,NA,NA,NA,1,0.1,"","","","Resident killer whales_PWS"
1983,"humpback_whale",NA,NA,NA,NA,1,0.5,"","","","ne_pacific"
1983,"other_baleen_whales",NA,NA,NA,NA,1,0.5,"","","","eastern_northern_gray"
1983,"steller_sea_lion",NA,NA,NA,0.061400014,1,0.1,"","","","ssl_haulout_survey_wgoa"
1983,"harbor_seal",NA,NA,NA,NA,1,0.1,"","","","muto_alaska"
1983,"piscivorous_surface_birds",NA,NA,NA,NA,1,0.5,"","","","chowiet_index"
1983,"piscivorous_diving_birds",NA,NA,NA,NA,1,0.5,"","","","chowiet_index"
1983,"planktivorous_diving_birds",NA,NA,NA,NA,1,0.5,"","","","chowiet_index"
1983,"salmon_returning",NA,NA,NA,0.42125664,1,0.8,"","","","salmon_goa"
1983,"salmon_outgoing",NA,NA,NA,0.919192909,1,0.8,"","","","salmon_goa"
1983,"pacific_herring_adult",NA,NA,NA,41481,1,0.1,"","","","sitka_index"
1983,"pacific_herring_adult",NA,NA,NA,NA,1,0.1,"","","","craig_index"
1984,"transient_killer_whales",NA,NA,NA,0.006745,1,0.1,"","","","Transient killer whales_PWS"
1984,"resident_killer_whales",NA,NA,NA,0.01688025,1,0.1,"","","","Resident killer whales_PWS"
1984,"humpback_whale",NA,NA,NA,NA,1,0.5,"","","","ne_pacific"
1984,"other_baleen_whales",NA,NA,NA,1.442256392,1,0.5,"","","","eastern_northern_gray"
1984,"steller_sea_lion",NA,NA,NA,0.056643799,1,0.1,"","","","ssl_haulout_survey_wgoa"
1984,"harbor_seal",NA,NA,NA,NA,1,0.1,"","","","muto_alaska"
1984,"piscivorous_surface_birds",NA,NA,NA,NA,1,0.5,"","","","chowiet_index"
1984,"piscivorous_diving_birds",NA,NA,NA,NA,1,0.5,"","","","chowiet_index"
1984,"planktivorous_diving_birds",NA,NA,NA,NA,1,0.5,"","","","chowiet_index"
1984,"salmon_returning",NA,NA,NA,0.623838752,1,0.8,"","","","salmon_goa"
1984,"salmon_outgoing",NA,NA,NA,0.97213857,1,0.8,"","","","salmon_goa"
1984,"pacific_herring_adult",NA,NA,NA,50300,1,0.1,"","","","sitka_index"
1984,"pacific_herring_adult",NA,NA,NA,NA,1,0.1,"","","","craig_index"
1985,"transient_killer_whales",NA,NA,NA,0.006745,1,0.1,"","","","Transient killer whales_PWS"
1985,"resident_killer_whales",NA,NA,NA,0.01695125,1,0.1,"","","","Resident killer whales_PWS"
1985,"humpback_whale",NA,NA,NA,NA,1,0.5,"","","","ne_pacific"
1985,"other_baleen_whales",NA,NA,NA,1.406781513,1,0.5,"","","","eastern_northern_gray"
1985,"steller_sea_lion",NA,NA,NA,0.051777381,1,0.1,"","","","ssl_haulout_survey_wgoa"
1985,"harbor_seal",NA,NA,NA,NA,1,0.1,"","","","muto_alaska"
1985,"piscivorous_surface_birds",NA,NA,NA,NA,1,0.5,"","","","chowiet_index"
1985,"piscivorous_diving_birds",NA,NA,NA,NA,1,0.5,"","","","chowiet_index"
1985,"planktivorous_diving_birds",NA,NA,NA,NA,1,0.5,"","","","chowiet_index"
1985,"salmon_returning",NA,NA,NA,0.48792217,1,0.8,"","","","salmon_goa"
1985,"salmon_outgoing",NA,NA,NA,0.815235402,1,0.8,"","","","salmon_goa"
1985,"pacific_herring_adult",NA,NA,NA,42164,1,0.1,"","","","sitka_index"
1985,"pacific_herring_adult",NA,NA,NA,NA,1,0.1,"","","","craig_index"
1986,"transient_killer_whales",NA,NA,NA,0.006745,1,0.1,"","","","Transient killer whales_PWS"
1986,"resident_killer_whales",NA,NA,NA,0.01673825,1,0.1,"","","","Resident killer whales_PWS"
1986,"humpback_whale",NA,NA,NA,NA,1,0.5,"","","","ne_pacific"
1986,"other_baleen_whales",NA,NA,NA,NA,1,0.5,"","","","eastern_northern_gray"
1986,"steller_sea_lion",NA,NA,NA,0.046595385,1,0.1,"","","","ssl_haulout_survey_wgoa"
1986,"harbor_seal",NA,NA,NA,NA,1,0.1,"","","","muto_alaska"
1986,"piscivorous_surface_birds",NA,NA,NA,NA,1,0.5,"","","","chowiet_index"
1986,"piscivorous_diving_birds",NA,NA,NA,NA,1,0.5,"","","","chowiet_index"
1986,"planktivorous_diving_birds",NA,NA,NA,NA,1,0.5,"","","","chowiet_index"
1986,"salmon_returning",NA,NA,NA,0.512350438,1,0.8,"","","","salmon_goa"
1986,"salmon_outgoing",NA,NA,NA,1.061298553,1,0.8,"","","","salmon_goa"
1986,"pacific_herring_adult",NA,NA,NA,32763,1,0.1,"","","","sitka_index"
1986,"pacific_herring_adult",NA,NA,NA,NA,1,0.1,"","","","craig_index"
1987,"transient_killer_whales",NA,NA,NA,0.006745,1,0.1,"","","","Transient killer whales_PWS"
1987,"resident_killer_whales",NA,NA,NA,0.01691575,1,0.1,"","","","Resident killer whales_PWS"
1987,"humpback_whale",NA,NA,NA,NA,1,0.5,"","","","ne_pacific"
1987,"other_baleen_whales",NA,NA,NA,1.651975533,1,0.5,"","","","eastern_northern_gray"
1987,"steller_sea_lion",NA,NA,NA,0.041354531,1,0.1,"","","","ssl_haulout_survey_wgoa"
1987,"harbor_seal",NA,NA,NA,NA,1,0.1,"","","","muto_alaska"
1987,"piscivorous_surface_birds",NA,NA,NA,NA,1,0.5,"","","","chowiet_index"
1987,"piscivorous_diving_birds",NA,NA,NA,NA,1,0.5,"","","","chowiet_index"
1987,"planktivorous_diving_birds",NA,NA,NA,NA,1,0.5,"","","","chowiet_index"
1987,"salmon_returning",NA,NA,NA,0.513934974,1,0.8,"","","","salmon_goa"
1987,"salmon_outgoing",NA,NA,NA,1.02096103,1,0.8,"","","","salmon_goa"
1987,"pacific_herring_adult",NA,NA,NA,49264,1,0.1,"","","","sitka_index"
1987,"pacific_herring_adult",NA,NA,NA,NA,1,0.1,"","","","craig_index"
1988,"transient_killer_whales",NA,NA,NA,0.006745,1,0.1,"","","","Transient killer whales_PWS"
1988,"resident_killer_whales",NA,NA,NA,0.01734175,1,0.1,"","","","Resident killer whales_PWS"
1988,"humpback_whale",NA,NA,NA,NA,1,0.5,"","","","ne_pacific"
1988,"other_baleen_whales",NA,NA,NA,NA,1,0.5,"","","","eastern_northern_gray"
1988,"steller_sea_lion",NA,NA,NA,0.03669349,1,0.1,"","","","ssl_haulout_survey_wgoa"
1988,"harbor_seal",NA,NA,NA,NA,1,0.1,"","","","muto_alaska"
1988,"piscivorous_surface_birds",NA,NA,NA,NA,1,0.5,"","","","chowiet_index"
1988,"piscivorous_diving_birds",NA,NA,NA,NA,1,0.5,"","","","chowiet_index"
1988,"planktivorous_diving_birds",NA,NA,NA,NA,1,0.5,"","","","chowiet_index"
1988,"salmon_returning",NA,NA,NA,0.624737508,1,0.8,"","","","salmon_goa"
1988,"salmon_outgoing",NA,NA,NA,1.360192359,1,0.8,"","","","salmon_goa"
1988,"pacific_herring_adult",NA,NA,NA,65912,1,0.1,"","","","sitka_index"
1988,"pacific_herring_adult",NA,NA,NA,23820,1,0.1,"","","","craig_index"
1989,"transient_killer_whales",NA,NA,NA,0.006745,1,0.1,"","","","Transient killer whales_PWS"
1989,"resident_killer_whales",NA,NA,NA,0.01773225,1,0.1,"","","","Resident killer whales_PWS"
1989,"humpback_whale",NA,NA,NA,NA,1,0.5,"","","","ne_pacific"
1989,"other_baleen_whales",NA,NA,NA,NA,1,0.5,"","","","eastern_northern_gray"
1989,"steller_sea_lion",NA,NA,NA,0.032960399,1,0.1,"","","","ssl_haulout_survey_wgoa"
1989,"harbor_seal",NA,NA,NA,NA,1,0.1,"","","","muto_alaska"
1989,"piscivorous_surface_birds",NA,NA,NA,7.48226e-06,1,0.5,"","","","chowiet_index"
1989,"piscivorous_diving_birds",NA,NA,NA,8.01301e-05,1,0.5,"","","","chowiet_index"
1989,"planktivorous_diving_birds",NA,NA,NA,NA,1,0.5,"","","","chowiet_index"
1989,"salmon_returning",NA,NA,NA,0.543802632,1,0.8,"","","","salmon_goa"
1989,"salmon_outgoing",NA,NA,NA,0.88028232,1,0.8,"","","","salmon_goa"
1989,"pacific_herring_adult",NA,NA,NA,44669,1,0.1,"","","","sitka_index"
1989,"pacific_herring_adult",NA,NA,NA,26276,1,0.1,"","","","craig_index"
1990,"transient_killer_whales",NA,NA,NA,0.0045085,1,0.1,"","","","Transient killer whales_PWS"
1990,"resident_killer_whales",NA,NA,NA,0.01751925,1,0.1,"","","","Resident killer whales_PWS"
1990,"humpback_whale",NA,NA,NA,NA,1,0.5,"","","","ne_pacific"
1990,"other_baleen_whales",NA,NA,NA,NA,1,0.5,"","","","eastern_northern_gray"
1990,"steller_sea_lion",NA,NA,NA,0.030460819,1,0.1,"","","","ssl_haulout_survey_wgoa"
1990,"harbor_seal",NA,NA,NA,NA,1,0.1,"","","","muto_alaska"
1990,"piscivorous_surface_birds",NA,NA,NA,6.09216e-06,1,0.5,"","","","chowiet_index"
1990,"piscivorous_diving_birds",NA,NA,NA,8.45865e-05,1,0.5,"","","","chowiet_index"
1990,"planktivorous_diving_birds",NA,NA,NA,NA,1,0.5,"","","","chowiet_index"
1990,"salmon_returning",NA,NA,NA,0.503111569,1,0.8,"","","","salmon_goa"
1990,"salmon_outgoing",NA,NA,NA,0.863857664,1,0.8,"","","","salmon_goa"
1990,"pacific_herring_adult",NA,NA,NA,26995,1,0.1,"","","","sitka_index"
1990,"pacific_herring_adult",NA,NA,NA,24689,1,0.1,"","","","craig_index"
1991,"transient_killer_whales",NA,NA,NA,0.004473,1,0.1,"","","","Transient killer whales_PWS"
1991,"resident_killer_whales",NA,NA,NA,0.01783875,1,0.1,"","","","Resident killer whales_PWS"
1991,"humpback_whale",NA,NA,NA,NA,1,0.5,"","","","ne_pacific"
1991,"other_baleen_whales",NA,NA,NA,NA,1,0.5,"","","","eastern_northern_gray"
1991,"steller_sea_lion",NA,NA,NA,0.028495968,1,0.1,"","","","ssl_haulout_survey_wgoa"
1991,"harbor_seal",NA,NA,NA,NA,1,0.1,"","","","muto_alaska"
1991,"piscivorous_surface_birds",NA,NA,NA,5.68956e-06,1,0.5,"","","","chowiet_index"
1991,"piscivorous_diving_birds",NA,NA,NA,8.84752e-05,1,0.5,"","","","chowiet_index"
1991,"planktivorous_diving_birds",NA,NA,NA,NA,1,0.5,"","","","chowiet_index"
1991,"salmon_returning",NA,NA,NA,0.547286908,1,0.8,"","","","salmon_goa"
1991,"salmon_outgoing",NA,NA,NA,0.980103847,1,0.8,"","","","salmon_goa"
1991,"pacific_herring_adult",NA,NA,NA,32414,1,0.1,"","","","sitka_index"
1991,"pacific_herring_adult",NA,NA,NA,17437,1,0.1,"","","","craig_index"
1992,"transient_killer_whales",NA,NA,NA,0.0042245,1,0.1,"","","","Transient killer whales_PWS"
1992,"resident_killer_whales",NA,NA,NA,0.0182115,1,0.1,"","","","Resident killer whales_PWS"
1992,"humpback_whale",NA,NA,NA,NA,1,0.5,"","","","ne_pacific"
1992,"other_baleen_whales",NA,NA,NA,0.967396283,1,0.5,"","","","eastern_northern_gray"
1992,"steller_sea_lion",NA,NA,NA,0.027256197,1,0.1,"","","","ssl_haulout_survey_wgoa"
1992,"harbor_seal",NA,NA,NA,NA,1,0.1,"","","","muto_alaska"
1992,"piscivorous_surface_birds",NA,NA,NA,NA,1,0.5,"","","","chowiet_index"
1992,"piscivorous_diving_birds",NA,NA,NA,NA,1,0.5,"","","","chowiet_index"
1992,"planktivorous_diving_birds",NA,NA,NA,NA,1,0.5,"","","","chowiet_index"
1992,"salmon_returning",NA,NA,NA,0.505897286,1,0.8,"","","","salmon_goa"
1992,"salmon_outgoing",NA,NA,NA,0.996051438,1,0.8,"","","","salmon_goa"
1992,"pacific_herring_adult",NA,NA,NA,52837,1,0.1,"","","","sitka_index"
1992,"pacific_herring_adult",NA,NA,NA,12058,1,0.1,"","","","craig_index"
1993,"transient_killer_whales",NA,NA,NA,0.0042245,1,0.1,"","","","Transient killer whales_PWS"
1993,"resident_killer_whales",NA,NA,NA,0.0182115,1,0.1,"","","","Resident killer whales_PWS"
1993,"humpback_whale",NA,NA,NA,NA,1,0.5,"","","","ne_pacific"
1993,"other_baleen_whales",NA,NA,NA,1.233826131,1,0.5,"","","","eastern_northern_gray"
1993,"steller_sea_lion",NA,NA,NA,0.0261667,1,0.1,"","","","ssl_haulout_survey_wgoa"
1993,"harbor_seal",NA,NA,NA,NA,1,0.1,"","","","muto_alaska"
1993,"piscivorous_surface_birds",NA,NA,NA,7.41389e-06,1,0.5,"","","","chowiet_index"
1993,"piscivorous_diving_birds",NA,NA,NA,3.95115e-05,1,0.5,"","","","chowiet_index"
1993,"planktivorous_diving_birds",NA,NA,NA,NA,1,0.5,"","","","chowiet_index"
1993,"salmon_returning",NA,NA,NA,0.57150646,1,0.8,"","","","salmon_goa"
1993,"salmon_outgoing",NA,NA,NA,0.817343857,1,0.8,"","","","salmon_goa"
1993,"pacific_herring_adult",NA,NA,NA,35254,1,0.1,"","","","sitka_index"
1993,"pacific_herring_adult",NA,NA,NA,7629,1,0.1,"","","","craig_index"
1994,"transient_killer_whales",NA,NA,NA,0.0042245,1,0.1,"","","","Transient killer whales_PWS"
1994,"resident_killer_whales",NA,NA,NA,0.018815,1,0.1,"","","","Resident killer whales_PWS"
1994,"humpback_whale",NA,NA,NA,NA,1,0.5,"","","","ne_pacific"
1994,"other_baleen_whales",NA,NA,NA,NA,1,0.5,"","","","eastern_northern_gray"
1994,"steller_sea_lion",NA,NA,NA,0.025278823,1,0.1,"","","","ssl_haulout_survey_wgoa"
1994,"harbor_seal",NA,NA,NA,NA,1,0.1,"","","","muto_alaska"
1994,"piscivorous_surface_birds",NA,NA,NA,NA,1,0.5,"","","","chowiet_index"
1994,"piscivorous_diving_birds",NA,NA,NA,NA,1,0.5,"","","","chowiet_index"
1994,"planktivorous_diving_birds",NA,NA,NA,NA,1,0.5,"","","","chowiet_index"
1994,"salmon_returning",NA,NA,NA,0.536463502,1,0.8,"","","","salmon_goa"
1994,"salmon_outgoing",NA,NA,NA,1.053243827,1,0.8,"","","","salmon_goa"
1994,"pacific_herring_adult",NA,NA,NA,22742,1,0.1,"","","","sitka_index"
1994,"pacific_herring_adult",NA,NA,NA,6213,1,0.1,"","","","craig_index"
1995,"transient_killer_whales",NA,NA,NA,0.0042245,1,0.1,"","","","Transient killer whales_PWS"
1995,"resident_killer_whales",NA,NA,NA,0.018886,1,0.1,"","","","Resident killer whales_PWS"
1995,"humpback_whale",NA,NA,NA,NA,1,0.5,"","","","ne_pacific"
1995,"other_baleen_whales",NA,NA,NA,1.285442695,1,0.5,"","","","eastern_northern_gray"
1995,"steller_sea_lion",NA,NA,NA,0.024544978,1,0.1,"","","","ssl_haulout_survey_wgoa"
1995,"harbor_seal",NA,NA,NA,NA,1,0.1,"","","","muto_alaska"
1995,"piscivorous_surface_birds",NA,NA,NA,6.89735e-06,1,0.5,"","","","chowiet_index"
1995,"piscivorous_diving_birds",NA,NA,NA,9.82963e-05,1,0.5,"","","","chowiet_index"
1995,"planktivorous_diving_birds",NA,NA,NA,NA,1,0.5,"","","","chowiet_index"
1995,"salmon_returning",NA,NA,NA,0.932674246,1,0.8,"","","","salmon_goa"
1995,"salmon_outgoing",NA,NA,NA,1.127065328,1,0.8,"","","","salmon_goa"
1995,"pacific_herring_adult",NA,NA,NA,31402,1,0.1,"","","","sitka_index"
1995,"pacific_herring_adult",NA,NA,NA,4454,1,0.1,"","","","craig_index"
1996,"transient_killer_whales",NA,NA,NA,0.0042245,1,0.1,"","","","Transient killer whales_PWS"
1996,"resident_killer_whales",NA,NA,NA,0.01917,1,0.1,"","","","Resident killer whales_PWS"
1996,"humpback_whale",NA,NA,NA,NA,1,0.5,"","","","ne_pacific"
1996,"other_baleen_whales",NA,NA,NA,NA,1,0.5,"","","","eastern_northern_gray"
1996,"steller_sea_lion",NA,NA,NA,0.023936363,1,0.1,"","","","ssl_haulout_survey_wgoa"
1996,"harbor_seal",NA,NA,NA,0.02015198,1,0.1,"","","","muto_alaska"
1996,"piscivorous_surface_birds",NA,NA,NA,NA,1,0.5,"","","","chowiet_index"
1996,"piscivorous_diving_birds",NA,NA,NA,NA,1,0.5,"","","","chowiet_index"
1996,"planktivorous_diving_birds",NA,NA,NA,NA,1,0.5,"","","","chowiet_index"
1996,"salmon_returning",NA,NA,NA,0.505586342,1,0.8,"","","","salmon_goa"
1996,"salmon_outgoing",NA,NA,NA,0.823392356,1,0.8,"","","","salmon_goa"
1996,"pacific_herring_adult",NA,NA,NA,40038,1,0.1,"","","","sitka_index"
1996,"pacific_herring_adult",NA,NA,NA,5426,1,0.1,"","","","craig_index"
1997,"transient_killer_whales",NA,NA,NA,0.0042245,1,0.1,"","","","Transient killer whales_PWS"
1997,"resident_killer_whales",NA,NA,NA,0.0196315,1,0.1,"","","","Resident killer whales_PWS"
1997,"humpback_whale",NA,NA,NA,NA,1,0.5,"","","","ne_pacific"
1997,"other_baleen_whales",NA,NA,NA,1.297165363,1,0.5,"","","","eastern_northern_gray"
1997,"steller_sea_lion",NA,NA,NA,0.023429184,1,0.1,"","","","ssl_haulout_survey_wgoa"
1997,"harbor_seal",NA,NA,NA,0.020958755,1,0.1,"","","","muto_alaska"
1997,"piscivorous_surface_birds",NA,NA,NA,NA,1,0.5,"","","","chowiet_index"
1997,"piscivorous_diving_birds",NA,NA,NA,NA,1,0.5,"","","","chowiet_index"
1997,"planktivorous_diving_birds",NA,NA,NA,NA,1,0.5,"","","","chowiet_index"
1997,"salmon_returning",NA,NA,NA,0.597382959,1,0.8,"","","","salmon_goa"
1997,"salmon_outgoing",NA,NA,NA,1.066461075,1,0.8,"","","","salmon_goa"
1997,"pacific_herring_adult",NA,NA,NA,47044,1,0.1,"","","","sitka_index"
1997,"pacific_herring_adult",NA,NA,NA,6597,1,0.1,"","","","craig_index"
1998,"transient_killer_whales",NA,NA,NA,0.0042245,1,0.1,"","","","Transient killer whales_PWS"
1998,"resident_killer_whales",NA,NA,NA,0.0195605,1,0.1,"","","","Resident killer whales_PWS"
1998,"humpback_whale",NA,NA,NA,NA,1,0.5,"","","","ne_pacific"
1998,"other_baleen_whales",NA,NA,NA,NA,1,0.5,"","","","eastern_northern_gray"
1998,"steller_sea_lion",NA,NA,NA,0.02303972,1,0.1,"","","","ssl_haulout_survey_wgoa"
1998,"harbor_seal",NA,NA,NA,0.021161805,1,0.1,"","","","muto_alaska"
1998,"piscivorous_surface_birds",NA,NA,NA,4.55013e-06,1,0.5,"","","","chowiet_index"
1998,"piscivorous_diving_birds",NA,NA,NA,0.000104825,1,0.5,"","","","chowiet_index"
1998,"planktivorous_diving_birds",NA,NA,NA,1.67337e-06,1,0.5,"","","","chowiet_index"
1998,"salmon_returning",NA,NA,NA,0.663328634,1,0.8,"","","","salmon_goa"
1998,"salmon_outgoing",NA,NA,NA,1.074681921,1,0.8,"","","","salmon_goa"
1998,"pacific_herring_adult",NA,NA,NA,56011,1,0.1,"","","","sitka_index"
1998,"pacific_herring_adult",NA,NA,NA,7213,1,0.1,"","","","craig_index"
1999,"transient_killer_whales",NA,NA,NA,0.0042245,1,0.1,"","","","Transient killer whales_PWS"
1999,"resident_killer_whales",NA,NA,NA,0.0201285,1,0.1,"","","","Resident killer whales_PWS"
1999,"humpback_whale",NA,NA,NA,NA,1,0.5,"","","","ne_pacific"
1999,"other_baleen_whales",NA,NA,NA,NA,1,0.5,"","","","eastern_northern_gray"
1999,"steller_sea_lion",NA,NA,NA,0.022616444,1,0.1,"","","","ssl_haulout_survey_wgoa"
1999,"harbor_seal",NA,NA,NA,0.020986715,1,0.1,"","","","muto_alaska"
1999,"piscivorous_surface_birds",NA,NA,NA,NA,1,0.5,"","","","chowiet_index"
1999,"piscivorous_diving_birds",NA,NA,NA,NA,1,0.5,"","","","chowiet_index"
1999,"planktivorous_diving_birds",NA,NA,NA,NA,1,0.5,"","","","chowiet_index"
1999,"salmon_returning",NA,NA,NA,0.647338448,1,0.8,"","","","salmon_goa"
1999,"salmon_outgoing",NA,NA,NA,1.113430649,1,0.8,"","","","salmon_goa"
1999,"pacific_herring_adult",NA,NA,NA,59323,1,0.1,"","","","sitka_index"
1999,"pacific_herring_adult",NA,NA,NA,7198,1,0.1,"","","","craig_index"
2000,"transient_killer_whales",NA,NA,NA,0.003976,1,0.1,"","","","Transient killer whales_PWS"
2000,"resident_killer_whales",NA,NA,NA,0.0202705,1,0.1,"","","","Resident killer whales_PWS"
2000,"humpback_whale",NA,NA,NA,NA,1,0.5,"","","","ne_pacific"
2000,"other_baleen_whales",NA,NA,NA,1.004651044,1,0.5,"","","","eastern_northern_gray"
2000,"steller_sea_lion",NA,NA,NA,0.022282082,1,0.1,"","","","ssl_haulout_survey_wgoa"
2000,"harbor_seal",NA,NA,NA,0.020467143,1,0.1,"","","","muto_alaska"
2000,"piscivorous_surface_birds",NA,NA,NA,NA,1,0.5,"","","","chowiet_index"
2000,"piscivorous_diving_birds",NA,NA,NA,NA,1,0.5,"","","","chowiet_index"
2000,"planktivorous_diving_birds",NA,NA,NA,NA,1,0.5,"","","","chowiet_index"
2000,"salmon_returning",NA,NA,NA,0.590610345,1,0.8,"","","","salmon_goa"
2000,"salmon_outgoing",NA,NA,NA,1.04683327,1,0.8,"","","","salmon_goa"
2000,"pacific_herring_adult",NA,NA,NA,54638,1,0.1,"","","","sitka_index"
2000,"pacific_herring_adult",NA,NA,NA,8167,1,0.1,"","","","craig_index"
2001,"transient_killer_whales",NA,NA,NA,0.0037275,1,0.1,"","","","Transient killer whales_PWS"
2001,"resident_killer_whales",NA,NA,NA,0.0202705,1,0.1,"","","","Resident killer whales_PWS"
2001,"humpback_whale",NA,NA,NA,NA,1,0.5,"","","","ne_pacific"
2001,"other_baleen_whales",NA,NA,NA,0.984028969,1,0.5,"","","","eastern_northern_gray"
2001,"steller_sea_lion",NA,NA,NA,0.022270811,1,0.1,"","","","ssl_haulout_survey_wgoa"
2001,"harbor_seal",NA,NA,NA,0.019047416,1,0.1,"","","","muto_alaska"
2001,"piscivorous_surface_birds",NA,NA,NA,4.21589e-06,1,0.5,"","","","chowiet_index"
2001,"piscivorous_diving_birds",NA,NA,NA,9.90059e-05,1,0.5,"","","","chowiet_index"
2001,"planktivorous_diving_birds",NA,NA,NA,NA,1,0.5,"","","","chowiet_index"
2001,"salmon_returning",NA,NA,NA,0.65818741,1,0.8,"","","","salmon_goa"
2001,"salmon_outgoing",NA,NA,NA,1.067398166,1,0.8,"","","","salmon_goa"
2001,"pacific_herring_adult",NA,NA,NA,66801,1,0.1,"","","","sitka_index"
2001,"pacific_herring_adult",NA,NA,NA,8686,1,0.1,"","","","craig_index"
2002,"transient_killer_whales",NA,NA,NA,0.003479,1,0.1,"","","","Transient killer whales_PWS"
2002,"resident_killer_whales",NA,NA,NA,0.0202705,1,0.1,"","","","Resident killer whales_PWS"
2002,"humpback_whale",NA,NA,NA,0.066532674,1,0.5,"","","","ne_pacific"
2002,"other_baleen_whales",NA,NA,NA,NA,1,0.5,"","","","eastern_northern_gray"
2002,"steller_sea_lion",NA,NA,NA,0.022367238,1,0.1,"","","","ssl_haulout_survey_wgoa"
2002,"harbor_seal",NA,NA,NA,0.021514158,1,0.1,"","","","muto_alaska"
2002,"piscivorous_surface_birds",NA,NA,NA,5.51484e-06,1,0.5,"","","","chowiet_index"
2002,"piscivorous_diving_birds",NA,NA,NA,7.12031e-05,1,0.5,"","","","chowiet_index"
2002,"planktivorous_diving_birds",NA,NA,NA,8.57293e-07,1,0.5,"","","","chowiet_index"
2002,"salmon_returning",NA,NA,NA,0.610361675,1,0.8,"","","","salmon_goa"
2002,"salmon_outgoing",NA,NA,NA,1.193756416,1,0.8,"","","","salmon_goa"
2002,"pacific_herring_adult",NA,NA,NA,68743,1,0.1,"","","","sitka_index"
2002,"pacific_herring_adult",NA,NA,NA,8741,1,0.1,"","","","craig_index"
2003,"transient_killer_whales",NA,NA,NA,0.0032305,1,0.1,"","","","Transient killer whales_PWS"
2003,"resident_killer_whales",NA,NA,NA,0.0202705,1,0.1,"","","","Resident killer whales_PWS"
2003,"humpback_whale",NA,NA,NA,0.075147361,1,0.5,"","","","ne_pacific"
2003,"other_baleen_whales",NA,NA,NA,NA,1,0.5,"","","","eastern_northern_gray"
2003,"steller_sea_lion",NA,NA,NA,0.022557586,1,0.1,"","","","ssl_haulout_survey_wgoa"
2003,"harbor_seal",NA,NA,NA,0.021937905,1,0.1,"","","","muto_alaska"
2003,"piscivorous_surface_birds",NA,NA,NA,NA,1,0.5,"","","","chowiet_index"
2003,"piscivorous_diving_birds",NA,NA,NA,NA,1,0.5,"","","","chowiet_index"
2003,"planktivorous_diving_birds",NA,NA,NA,NA,1,0.5,"","","","chowiet_index"
2003,"salmon_returning",NA,NA,NA,0.774684903,1,0.8,"","","","salmon_goa"
2003,"salmon_outgoing",NA,NA,NA,1.336863044,1,0.8,"","","","salmon_goa"
2003,"pacific_herring_adult",NA,NA,NA,90819,1,0.1,"","","","sitka_index"
2003,"pacific_herring_adult",NA,NA,NA,14900,1,0.1,"","","","craig_index"
2004,"transient_killer_whales",NA,NA,NA,0.0032305,1,0.1,"","","","Transient killer whales_PWS"
2004,"resident_killer_whales",NA,NA,NA,0.0202705,1,0.1,"","","","Resident killer whales_PWS"
2004,"humpback_whale",NA,NA,NA,0.076231312,1,0.5,"","","","ne_pacific"
2004,"other_baleen_whales",NA,NA,NA,NA,1,0.5,"","","","eastern_northern_gray"
2004,"steller_sea_lion",NA,NA,NA,0.022905724,1,0.1,"","","","ssl_haulout_survey_wgoa"
2004,"harbor_seal",NA,NA,NA,0.02210458,1,0.1,"","","","muto_alaska"
2004,"piscivorous_surface_birds",NA,NA,NA,5.62119e-06,1,0.5,"","","","chowiet_index"
2004,"piscivorous_diving_birds",NA,NA,NA,9.99284e-05,1,0.5,"","","","chowiet_index"
2004,"planktivorous_diving_birds",NA,NA,NA,NA,1,0.5,"","","","chowiet_index"
2004,"salmon_returning",NA,NA,NA,0.787092844,1,0.8,"","","","salmon_goa"
2004,"salmon_outgoing",NA,NA,NA,1.065562319,1,0.8,"","","","salmon_goa"
2004,"pacific_herring_adult",NA,NA,NA,114705,1,0.1,"","","","sitka_index"
2004,"pacific_herring_adult",NA,NA,NA,16536,1,0.1,"","","","craig_index"
2005,"transient_killer_whales",NA,NA,NA,0.0032305,1,0.1,"","","","Transient killer whales_PWS"
2005,"resident_killer_whales",NA,NA,NA,0.0202705,1,0.1,"","","","Resident killer whales_PWS"
2005,"humpback_whale",NA,NA,NA,0.083022757,1,0.5,"","","","ne_pacific"
2005,"other_baleen_whales",NA,NA,NA,NA,1,0.5,"","","","eastern_northern_gray"
2005,"steller_sea_lion",NA,NA,NA,0.023365317,1,0.1,"","","","ssl_haulout_survey_wgoa"
2005,"harbor_seal",NA,NA,NA,0.0233313,1,0.1,"","","","muto_alaska"
2005,"piscivorous_surface_birds",NA,NA,NA,6.37321e-06,1,0.5,"","","","chowiet_index"
2005,"piscivorous_diving_birds",NA,NA,NA,0.000106911,1,0.5,"","","","chowiet_index"
2005,"planktivorous_diving_birds",NA,NA,NA,7.78982e-07,1,0.5,"","","","chowiet_index"
2005,"salmon_returning",NA,NA,NA,0.912731238,1,0.8,"","","","salmon_goa"
2005,"salmon_outgoing",NA,NA,NA,0.963389545,1,0.8,"","","","salmon_goa"
2005,"pacific_herring_adult",NA,NA,NA,97274,1,0.1,"","","","sitka_index"
2005,"pacific_herring_adult",NA,NA,NA,18412,1,0.1,"","","","craig_index"
2006,"transient_killer_whales",NA,NA,NA,0.0032305,1,0.1,"","","","Transient killer whales_PWS"
2006,"resident_killer_whales",NA,NA,NA,0.020661,1,0.1,"","","","Resident killer whales_PWS"
2006,"humpback_whale",NA,NA,NA,0.083148889,1,0.5,"","","","ne_pacific"
2006,"other_baleen_whales",NA,NA,NA,1.223699219,1,0.5,"","","","eastern_northern_gray"
2006,"steller_sea_lion",NA,NA,NA,0.02390756,1,0.1,"","","","ssl_haulout_survey_wgoa"
2006,"harbor_seal",NA,NA,NA,0.023868516,1,0.1,"","","","muto_alaska"
2006,"piscivorous_surface_birds",NA,NA,NA,6.78341e-06,1,0.5,"","","","chowiet_index"
2006,"piscivorous_diving_birds",NA,NA,NA,0.00010447,1,0.5,"","","","chowiet_index"
2006,"planktivorous_diving_birds",NA,NA,NA,1.32303e-06,1,0.5,"","","","chowiet_index"
2006,"salmon_returning",NA,NA,NA,0.667609437,1,0.8,"","","","salmon_goa"
2006,"salmon_outgoing",NA,NA,NA,0.862102748,1,0.8,"","","","salmon_goa"
2006,"pacific_herring_adult",NA,NA,NA,83580,1,0.1,"","","","sitka_index"
2006,"pacific_herring_adult",NA,NA,NA,18120,1,0.1,"","","","craig_index"
2007,"transient_killer_whales",NA,NA,NA,0.0032305,1,0.1,"","","","Transient killer whales_PWS"
2007,"resident_killer_whales",NA,NA,NA,0.020661,1,0.1,"","","","Resident killer whales_PWS"
2007,"humpback_whale",NA,NA,NA,0.098205953,1,0.5,"","","","ne_pacific"
2007,"other_baleen_whales",NA,NA,NA,1.093706494,1,0.5,"","","","eastern_northern_gray"
2007,"steller_sea_lion",NA,NA,NA,0.024358386,1,0.1,"","","","ssl_haulout_survey_wgoa"
2007,"harbor_seal",NA,NA,NA,0.024018904,1,0.1,"","","","muto_alaska"
2007,"piscivorous_surface_birds",NA,NA,NA,5.24138e-06,1,0.5,"","","","chowiet_index"
2007,"piscivorous_diving_birds",NA,NA,NA,0.000119784,1,0.5,"","","","chowiet_index"
2007,"planktivorous_diving_birds",NA,NA,NA,9.64454e-07,1,0.5,"","","","chowiet_index"
2007,"salmon_returning",NA,NA,NA,0.745081335,1,0.8,"","","","salmon_goa"
2007,"salmon_outgoing",NA,NA,NA,0.873300989,1,0.8,"","","","salmon_goa"
2007,"pacific_herring_adult",NA,NA,NA,82357,1,0.1,"","","","sitka_index"
2007,"pacific_herring_adult",NA,NA,NA,15992,1,0.1,"","","","craig_index"
2008,"transient_killer_whales",NA,NA,NA,0.0032305,1,0.1,"","","","Transient killer whales_PWS"
2008,"resident_killer_whales",NA,NA,NA,0.0208385,1,0.1,"","","","Resident killer whales_PWS"
2008,"humpback_whale",NA,NA,NA,0.10428002,1,0.5,"","","","ne_pacific"
2008,"other_baleen_whales",NA,NA,NA,NA,1,0.5,"","","","eastern_northern_gray"
2008,"steller_sea_lion",NA,NA,NA,0.024979525,1,0.1,"","","","ssl_haulout_survey_wgoa"
2008,"harbor_seal",NA,NA,NA,0.025176403,1,0.1,"","","","muto_alaska"
2008,"piscivorous_surface_birds",NA,NA,NA,NA,1,0.5,"","","","chowiet_index"
2008,"piscivorous_diving_birds",NA,NA,NA,NA,1,0.5,"","","","chowiet_index"
2008,"planktivorous_diving_birds",NA,NA,NA,NA,1,0.5,"","","","chowiet_index"
2008,"salmon_returning",NA,NA,NA,0.577678484,1,0.8,"","","","salmon_goa"
2008,"salmon_outgoing",NA,NA,NA,0.786483735,1,0.8,"","","","salmon_goa"
2008,"pacific_herring_adult",NA,NA,NA,100282,1,0.1,"","","","sitka_index"
2008,"pacific_herring_adult",NA,NA,NA,21493,1,0.1,"","","","craig_index"
2009,"transient_killer_whales",NA,NA,NA,0.0032305,1,0.1,"","","","Transient killer whales_PWS"
2009,"resident_killer_whales",NA,NA,NA,0.02272,1,0.1,"","","","Resident killer whales_PWS"
2009,"humpback_whale",NA,NA,NA,0.104236662,1,0.5,"","","","ne_pacific"
2009,"other_baleen_whales",NA,NA,NA,1.301768504,1,0.5,"","","","eastern_northern_gray"
2009,"steller_sea_lion",NA,NA,NA,0.025794768,1,0.1,"","","","ssl_haulout_survey_wgoa"
2009,"harbor_seal",NA,NA,NA,0.026614589,1,0.1,"","","","muto_alaska"
2009,"piscivorous_surface_birds",NA,NA,NA,4.64888e-06,1,0.5,"","","","chowiet_index"
2009,"piscivorous_diving_birds",NA,NA,NA,0.000119514,1,0.5,"","","","chowiet_index"
2009,"planktivorous_diving_birds",NA,NA,NA,1.13756e-06,1,0.5,"","","","chowiet_index"
2009,"salmon_returning",NA,NA,NA,0.581707977,1,0.8,"","","","salmon_goa"
2009,"salmon_outgoing",NA,NA,NA,0.802627263,1,0.8,"","","","salmon_goa"
2009,"pacific_herring_adult",NA,NA,NA,117514,1,0.1,"","","","sitka_index"
2009,"pacific_herring_adult",NA,NA,NA,18109,1,0.1,"","","","craig_index"
2010,"transient_killer_whales",NA,NA,NA,0.0032305,1,0.1,"","","","Transient killer whales_PWS"
2010,"resident_killer_whales",NA,NA,NA,0.02272,1,0.1,"","","","Resident killer whales_PWS"
2010,"humpback_whale",NA,NA,NA,0.090685305,1,0.5,"","","","ne_pacific"
2010,"other_baleen_whales",NA,NA,NA,1.288265955,1,0.5,"","","","eastern_northern_gray"
2010,"steller_sea_lion",NA,NA,NA,0.026682645,1,0.1,"","","","ssl_haulout_survey_wgoa"
2010,"harbor_seal",NA,NA,NA,0.026133565,1,0.1,"","","","muto_alaska"
2010,"piscivorous_surface_birds",NA,NA,NA,5.29455e-06,1,0.5,"","","","chowiet_index"
2010,"piscivorous_diving_birds",NA,NA,NA,0.000109579,1,0.5,"","","","chowiet_index"
2010,"planktivorous_diving_birds",NA,NA,NA,NA,1,0.5,"","","","chowiet_index"
2010,"salmon_returning",NA,NA,NA,0.596761072,1,0.8,"","","","salmon_goa"
2010,"salmon_outgoing",NA,NA,NA,0.767707832,1,0.8,"","","","salmon_goa"
2010,"pacific_herring_adult",NA,NA,NA,114424,1,0.1,"","","","sitka_index"
2010,"pacific_herring_adult",NA,NA,NA,18469,1,0.1,"","","","craig_index"
2011,"transient_killer_whales",NA,NA,NA,0.0032305,1,0.1,"","","","Transient killer whales_PWS"
2011,"resident_killer_whales",NA,NA,NA,0.023146,1,0.1,"","","","Resident killer whales_PWS"
2011,"humpback_whale",NA,NA,NA,0.116814434,1,0.5,"","","","ne_pacific"
2011,"other_baleen_whales",NA,NA,NA,NA,1,0.5,"","","","eastern_northern_gray"
2011,"steller_sea_lion",NA,NA,NA,0.027511665,1,0.1,"","","","ssl_haulout_survey_wgoa"
2011,"harbor_seal",NA,NA,NA,0.026924323,1,0.1,"","","","muto_alaska"
2011,"piscivorous_surface_birds",NA,NA,NA,4.25387e-06,1,0.5,"","","","chowiet_index"
2011,"piscivorous_diving_birds",NA,NA,NA,9.5174e-05,1,0.5,"","","","chowiet_index"
2011,"planktivorous_diving_birds",NA,NA,NA,1.25297e-06,1,0.5,"","","","chowiet_index"
2011,"salmon_returning",NA,NA,NA,0.606749613,1,0.8,"","","","salmon_goa"
2011,"salmon_outgoing",NA,NA,NA,0.913497949,1,0.8,"","","","salmon_goa"
2011,"pacific_herring_adult",NA,NA,NA,107765,1,0.1,"","","","sitka_index"
2011,"pacific_herring_adult",NA,NA,NA,21906,1,0.1,"","","","craig_index"
2012,"transient_killer_whales",NA,NA,NA,0.0032305,1,0.1,"","","","Transient killer whales_PWS"
2012,"resident_killer_whales",NA,NA,NA,0.0248145,1,0.1,"","","","Resident killer whales_PWS"
2012,"humpback_whale",NA,NA,NA,0.13199763,1,0.5,"","","","ne_pacific"
2012,"other_baleen_whales",NA,NA,NA,NA,1,0.5,"","","","eastern_northern_gray"
2012,"steller_sea_lion",NA,NA,NA,0.028403299,1,0.1,"","","","ssl_haulout_survey_wgoa"
2012,"harbor_seal",NA,NA,NA,0.0267172,1,0.1,"","","","muto_alaska"
2012,"piscivorous_surface_birds",NA,NA,NA,6.54033e-06,1,0.5,"","","","chowiet_index"
2012,"piscivorous_diving_birds",NA,NA,NA,0.000113879,1,0.5,"","","","chowiet_index"
2012,"planktivorous_diving_birds",NA,NA,NA,1.17466e-06,1,0.5,"","","","chowiet_index"
2012,"salmon_returning",NA,NA,NA,0.570318057,1,0.8,"","","","salmon_goa"
2012,"salmon_outgoing",NA,NA,NA,0.844447095,1,0.8,"","","","salmon_goa"
2012,"pacific_herring_adult",NA,NA,NA,76615,1,0.1,"","","","sitka_index"
2012,"pacific_herring_adult",NA,NA,NA,21384,1,0.1,"","","","craig_index"
2013,"transient_killer_whales",NA,NA,NA,0.0032305,1,0.1,"","","","Transient killer whales_PWS"
2013,"resident_killer_whales",NA,NA,NA,0.0265895,1,0.1,"","","","Resident killer whales_PWS"
2013,"humpback_whale",NA,NA,NA,0.12495392,1,0.5,"","","","ne_pacific"
2013,"other_baleen_whales",NA,NA,NA,NA,1,0.5,"","","","eastern_northern_gray"
2013,"steller_sea_lion",NA,NA,NA,0.0291409,1,0.1,"","","","ssl_haulout_survey_wgoa"
2013,"harbor_seal",NA,NA,NA,0.027800319,1,0.1,"","","","muto_alaska"
2013,"piscivorous_surface_birds",NA,NA,NA,6.66947e-06,1,0.5,"","","","chowiet_index"
2013,"piscivorous_diving_birds",NA,NA,NA,0.000126085,1,0.5,"","","","chowiet_index"
2013,"planktivorous_diving_birds",NA,NA,NA,1.31067e-06,1,0.5,"","","","chowiet_index"
2013,"salmon_returning",NA,NA,NA,0.830620738,1,0.8,"","","","salmon_goa"
2013,"salmon_outgoing",NA,NA,NA,0.999033092,1,0.8,"","","","salmon_goa"
2013,"pacific_herring_adult",NA,NA,NA,74131,1,0.1,"","","","sitka_index"
2013,"pacific_herring_adult",NA,NA,NA,19773,1,0.1,"","","","craig_index"
2014,"transient_killer_whales",NA,NA,NA,0.0032305,1,0.1,"","","","Transient killer whales_PWS"
2014,"resident_killer_whales",NA,NA,NA,0.0265895,1,0.1,"","","","Resident killer whales_PWS"
2014,"humpback_whale",NA,NA,NA,0.123148649,1,0.5,"","","","ne_pacific"
2014,"other_baleen_whales",NA,NA,NA,1.766992703,1,0.5,"","","","eastern_northern_gray"
2014,"steller_sea_lion",NA,NA,NA,0.029835924,1,0.1,"","","","ssl_haulout_survey_wgoa"
2014,"harbor_seal",NA,NA,NA,0.027891529,1,0.1,"","","","muto_alaska"
2014,"piscivorous_surface_birds",NA,NA,NA,6.63908e-06,1,0.5,"","","","chowiet_index"
2014,"piscivorous_diving_birds",NA,NA,NA,0.000125319,1,0.5,"","","","chowiet_index"
2014,"planktivorous_diving_birds",NA,NA,NA,1.37249e-06,1,0.5,"","","","chowiet_index"
2014,"salmon_returning",NA,NA,NA,0.480566003,1,0.8,"","","","salmon_goa"
2014,"salmon_outgoing",NA,NA,NA,0.650741793,1,0.8,"","","","salmon_goa"
2014,"pacific_herring_adult",NA,NA,NA,71726,1,0.1,"","","","sitka_index"
2014,"pacific_herring_adult",NA,NA,NA,13770,1,0.1,"","","","craig_index"
2015,"transient_killer_whales",NA,NA,NA,0.0032305,1,0.1,"","","","Transient killer whales_PWS"
2015,"resident_killer_whales",NA,NA,NA,0.0265895,1,0.1,"","","","Resident killer whales_PWS"
2015,"humpback_whale",NA,NA,NA,0.131098936,1,0.5,"","","","ne_pacific"
2015,"other_baleen_whales",NA,NA,NA,1.654676043,1,0.5,"","","","eastern_northern_gray"
2015,"steller_sea_lion",NA,NA,NA,0.030681223,1,0.1,"","","","ssl_haulout_survey_wgoa"
2015,"harbor_seal",NA,NA,NA,0.029010751,1,0.1,"","","","muto_alaska"
2015,"piscivorous_surface_birds",NA,NA,NA,2.42319e-06,1,0.5,"","","","chowiet_index"
2015,"piscivorous_diving_birds",NA,NA,NA,5.25117e-06,1,0.5,"","","","chowiet_index"
2015,"planktivorous_diving_birds",NA,NA,NA,1.43844e-06,1,0.5,"","","","chowiet_index"
2015,"salmon_returning",NA,NA,NA,1.151476558,1,0.8,"","","","salmon_goa"
2015,"salmon_outgoing",NA,NA,NA,1.080112792,1,0.8,"","","","salmon_goa"
2015,"pacific_herring_adult",NA,NA,NA,64322,1,0.1,"","","","sitka_index"
2015,"pacific_herring_adult",NA,NA,NA,10650,1,0.1,"","","","craig_index"
2016,"transient_killer_whales",NA,NA,NA,0.0034435,1,0.1,"","","","Transient killer whales_PWS"
2016,"resident_killer_whales",NA,NA,NA,0.0265895,1,0.1,"","","","Resident killer whales_PWS"
2016,"humpback_whale",NA,NA,NA,0.117665828,1,0.5,"","","","ne_pacific"
2016,"other_baleen_whales",NA,NA,NA,NA,1,0.5,"","","","eastern_northern_gray"
2016,"steller_sea_lion",NA,NA,NA,0.031481439,1,0.1,"","","","ssl_haulout_survey_wgoa"
2016,"harbor_seal",NA,NA,NA,0.029161954,1,0.1,"","","","muto_alaska"
2016,"piscivorous_surface_birds",NA,NA,NA,5.89465e-06,1,0.5,"","","","chowiet_index"
2016,"piscivorous_diving_birds",NA,NA,NA,4.96449e-05,1,0.5,"","","","chowiet_index"
2016,"planktivorous_diving_birds",NA,NA,NA,2.31222e-06,1,0.5,"","","","chowiet_index"
2016,"salmon_returning",NA,NA,NA,NA,1,0.8,"","","","salmon_goa"
2016,"salmon_outgoing",NA,NA,NA,NA,1,0.8,"","","","salmon_goa"
2016,"pacific_herring_adult",NA,NA,NA,74183,1,0.1,"","","","sitka_index"
2016,"pacific_herring_adult",NA,NA,NA,10193,1,0.1,"","","","craig_index"
2017,"transient_killer_whales",NA,NA,NA,0.0034435,1,0.1,"","","","Transient killer whales_PWS"
2017,"resident_killer_whales",NA,NA,NA,0.0262345,1,0.1,"","","","Resident killer whales_PWS"
2017,"humpback_whale",NA,NA,NA,0.112056875,1,0.5,"","","","ne_pacific"
2017,"other_baleen_whales",NA,NA,NA,NA,1,0.5,"","","","eastern_northern_gray"
2017,"steller_sea_lion",NA,NA,NA,0.032206518,1,0.1,"","","","ssl_haulout_survey_wgoa"
2017,"harbor_seal",NA,NA,NA,0.02968614,1,0.1,"","","","muto_alaska"
2017,"piscivorous_surface_birds",NA,NA,NA,4.36022e-06,1,0.5,"","","","chowiet_index"
2017,"piscivorous_diving_birds",NA,NA,NA,5.47825e-05,1,0.5,"","","","chowiet_index"
2017,"planktivorous_diving_birds",NA,NA,NA,1.72695e-06,1,0.5,"","","","chowiet_index"
2017,"salmon_returning",NA,NA,NA,NA,1,0.8,"","","","salmon_goa"
2017,"salmon_outgoing",NA,NA,NA,NA,1,0.8,"","","","salmon_goa"
2017,"pacific_herring_adult",NA,NA,NA,62819,1,0.1,"","","","sitka_index"
2017,"pacific_herring_adult",NA,NA,NA,13431,1,0.1,"","","","craig_index"
2018,"transient_killer_whales",NA,NA,NA,0.0034435,1,0.1,"","","","Transient killer whales_PWS"
2018,"resident_killer_whales",NA,NA,NA,0.026838,1,0.1,"","","","Resident killer whales_PWS"
2018,"humpback_whale",NA,NA,NA,0.105363971,1,0.5,"","","","ne_pacific"
2018,"other_baleen_whales",NA,NA,NA,NA,1,0.5,"","","","eastern_northern_gray"
2018,"steller_sea_lion",NA,NA,NA,0.032776312,1,0.1,"","","","ssl_haulout_survey_wgoa"
2018,"harbor_seal",NA,NA,NA,NA,1,0.1,"","","","muto_alaska"
2018,"piscivorous_surface_birds",NA,NA,NA,3.95003e-06,1,0.5,"","","","chowiet_index"
2018,"piscivorous_diving_birds",NA,NA,NA,5.59321e-05,1,0.5,"","","","chowiet_index"
2018,"planktivorous_diving_birds",NA,NA,NA,9.35603e-07,1,0.5,"","","","chowiet_index"
2018,"salmon_returning",NA,NA,NA,NA,1,0.8,"","","","salmon_goa"
2018,"salmon_outgoing",NA,NA,NA,NA,1,0.8,"","","","salmon_goa"
2018,"pacific_herring_adult",NA,NA,NA,55926,1,0.1,"","","","sitka_index"
2018,"pacific_herring_adult",NA,NA,NA,15983,1,0.1,"","","","craig_index"
2019,"transient_killer_whales",NA,NA,NA,0.0034435,1,0.1,"","","","Transient killer whales_PWS"
2019,"resident_killer_whales",NA,NA,NA,0.026838,1,0.1,"","","","Resident killer whales_PWS"
2019,"humpback_whale",NA,NA,NA,0.101185833,1,0.5,"","","","ne_pacific"
2019,"other_baleen_whales",NA,NA,NA,1.263102113,1,0.5,"","","","eastern_northern_gray"
2019,"steller_sea_lion",NA,NA,NA,0.033327322,1,0.1,"","","","ssl_haulout_survey_wgoa"
2019,"harbor_seal",NA,NA,NA,NA,1,0.1,"","","","muto_alaska"
2019,"piscivorous_surface_birds",NA,NA,NA,5.43129e-06,1,0.5,"","","","chowiet_index"
2019,"piscivorous_diving_birds",NA,NA,NA,5.97215e-05,1,0.5,"","","","chowiet_index"
2019,"planktivorous_diving_birds",NA,NA,NA,1.33952e-06,1,0.5,"","","","chowiet_index"
2019,"salmon_returning",NA,NA,NA,NA,1,0.8,"","","","salmon_goa"
2019,"salmon_outgoing",NA,NA,NA,NA,1,0.8,"","","","salmon_goa"
2019,"pacific_herring_adult",NA,NA,NA,151775,1,0.1,"","","","sitka_index"
2019,"pacific_herring_adult",NA,NA,NA,59215,1,0.1,"","","","craig_index"
2020,"transient_killer_whales",NA,NA,NA,0.0034435,1,0.1,"","","","Transient killer whales_PWS"
2020,"resident_killer_whales",NA,NA,NA,0.02692675,1,0.1,"","","","Resident killer whales_PWS"
2020,"humpback_whale",NA,NA,NA,0.113148709,1,0.5,"","","","ne_pacific"
2020,"other_baleen_whales",NA,NA,NA,NA,1,0.5,"","","","eastern_northern_gray"
2020,"steller_sea_lion",NA,NA,NA,NA,1,0.1,"","","","ssl_haulout_survey_wgoa"
2020,"harbor_seal",NA,NA,NA,NA,1,0.1,"","","","muto_alaska"
2020,"piscivorous_surface_birds",NA,NA,NA,NA,1,0.5,"","","","chowiet_index"
2020,"piscivorous_diving_birds",NA,NA,NA,NA,1,0.5,"","","","chowiet_index"
2020,"planktivorous_diving_birds",NA,NA,NA,NA,1,0.5,"","","","chowiet_index"
2020,"salmon_returning",NA,NA,NA,NA,1,0.8,"","","","salmon_goa"
2020,"salmon_outgoing",NA,NA,NA,NA,1,0.8,"","","","salmon_goa"
2020,"pacific_herring_adult",NA,NA,NA,265316,1,0.1,"","","","sitka_index"
2020,"pacific_herring_adult",NA,NA,NA,101051,1,0.1,"","","","craig_index"
2021,"transient_killer_whales",NA,NA,NA,0.0034435,1,0.1,"","","","Transient killer whales_PWS"
2021,"resident_killer_whales",NA,NA,NA,0.02926975,1,0.1,"","","","Resident killer whales_PWS"
2021,"humpback_whale",NA,NA,NA,0.105091998,1,0.5,"","","","ne_pacific"
2021,"other_baleen_whales",NA,NA,NA,NA,1,0.5,"","","","eastern_northern_gray"
2021,"steller_sea_lion",NA,NA,NA,NA,1,0.1,"","","","ssl_haulout_survey_wgoa"
2021,"harbor_seal",NA,NA,NA,NA,1,0.1,"","","","muto_alaska"
2021,"piscivorous_surface_birds",NA,NA,NA,NA,1,0.5,"","","","chowiet_index"
2021,"piscivorous_diving_birds",NA,NA,NA,NA,1,0.5,"","","","chowiet_index"
2021,"planktivorous_diving_birds",NA,NA,NA,NA,1,0.5,"","","","chowiet_index"
2021,"salmon_returning",NA,NA,NA,NA,1,0.8,"","","","salmon_goa"
2021,"salmon_outgoing",NA,NA,NA,NA,1,0.8,"","","","salmon_goa"
2021,"pacific_herring_adult",NA,NA,NA,245302,1,0.1,"","","","sitka_index"
2021,"pacific_herring_adult",NA,NA,NA,96472,1,0.1,"","","","craig_index"
2022,"transient_killer_whales",NA,NA,NA,0.0034435,1,0.1,"","","","Transient killer whales_PWS"
2022,"resident_killer_whales",NA,NA,NA,0.02973125,1,0.1,"","","","Resident killer whales_PWS"
2022,"humpback_whale",NA,NA,NA,NA,1,0.5,"","","","ne_pacific"
2022,"other_baleen_whales",NA,NA,NA,NA,1,0.5,"","","","eastern_northern_gray"
2022,"steller_sea_lion",NA,NA,NA,NA,1,0.1,"","","","ssl_haulout_survey_wgoa"
2022,"harbor_seal",NA,NA,NA,NA,1,0.1,"","","","muto_alaska"
2022,"piscivorous_surface_birds",NA,NA,NA,NA,1,0.5,"","","","chowiet_index"
2022,"piscivorous_diving_birds",NA,NA,NA,NA,1,0.5,"","","","chowiet_index"
2022,"planktivorous_diving_birds",NA,NA,NA,NA,1,0.5,"","","","chowiet_index"
2022,"salmon_returning",NA,NA,NA,NA,1,0.8,"","","","salmon_goa"
2022,"salmon_outgoing",NA,NA,NA,NA,1,0.8,"","","","salmon_goa"
2022,"pacific_herring_adult",NA,NA,NA,225820,1,0.1,"","","","sitka_index"
2022,"pacific_herring_adult",NA,NA,NA,63250,1,0.1,"","","","craig_index"
2023,"transient_killer_whales",NA,NA,NA,NA,1,0.1,"","","","Transient killer whales_PWS"
2023,"resident_killer_whales",NA,NA,NA,NA,1,0.1,"","","","Resident killer whales_PWS"
2023,"humpback_whale",NA,NA,NA,NA,1,0.5,"","","","ne_pacific"
2023,"other_baleen_whales",NA,NA,NA,NA,1,0.5,"","","","eastern_northern_gray"
2023,"steller_sea_lion",NA,NA,NA,NA,1,0.1,"","","","ssl_haulout_survey_wgoa"
2023,"harbor_seal",NA,NA,NA,NA,1,0.1,"","","","muto_alaska"
2023,"piscivorous_surface_birds",NA,NA,NA,NA,1,0.5,"","","","chowiet_index"
2023,"piscivorous_diving_birds",NA,NA,NA,NA,1,0.5,"","","","chowiet_index"
2023,"planktivorous_diving_birds",NA,NA,NA,NA,1,0.5,"","","","chowiet_index"
2023,"salmon_returning",NA,NA,NA,NA,1,0.8,"","","","salmon_goa"
2023,"salmon_outgoing",NA,NA,NA,NA,1,0.8,"","","","salmon_goa"
2023,"pacific_herring_adult",NA,NA,NA,NA,1,0.1,"","","","sitka_index"
2023,"pacific_herring_adult",NA,NA,NA,NA,1,0.1,"","","","craig_index"
